"DTXSID","TSPC_107.92.6","TSPC_142.62.1","TSPC_111.16.0","Ka_perM_SerAlb_Han","GlomTotSA_KW_ratio","ProxTubDiam","GlomTotSA_ProxTubTotVol_ratio","AVERAGE_MASS","LogP_pred","LogVP_pred","LogWS_pred","LogKOA_pred","COC_aliphatic","Species","Sex","DosingAdj","Type","HalfLife.Class","HalfLife.Hours","Roy.AD"
"DTXSID90723993",0,0,0,0,-1.25661793600231,1.65446590698084,1.72002181298244,-0.0435074861724844,-0.823091133258808,0.174747231539953,-0.14801268643155,-0.100939094951105,2.55166396905804,"Human","Female","Oral","Multirenculated","4",29000,1
"DTXSID50723994",0,0,0,0,-1.25661793600231,1.65446590698084,1.72002181298244,0.691455352000821,-0.857957323472494,0.278502352319959,-0.738672553350251,0.303050940165699,2.55166396905804,"Human","Female","Oral","Multirenculated","4",29000,1
"DTXSID20892348",0,0,0,0,-1.25661793600231,1.65446590698084,1.72002181298244,-0.778459189726156,-0.465712683568524,0.431083412290557,-0.126917691184454,-0.419878596359106,2.55166396905804,"Human","Female","Oral","Multirenculated","2",53,1
